{"cameraMode":{"drawMode":0,"name":"Shaded","section":"Shading Mode"},"sceneLighting":false,"audioPlay":false,"sceneViewState":{"m_AlwaysRefresh":false,"showFog":true,"showSkybox":false,"showFlares":true,"showImageEffects":true,"showParticleSystems":true,"showVisualEffectGraphs":true,"m_FxEnabled":true},"in2DMode":false,"pivot":{"x":0.47755318880081179,"y":1.0471055507659913,"z":12.047942161560059},"rotation":{"x":-0.07132966071367264,"y":-0.01436704397201538,"z":0.0010291102807968855,"w":-0.9973608255386353},"size":13.865883827209473,"orthographic":false}